98.63000000000002,-1.4600000000000002,-1.0600000000000007,90.27935451916011,-12.565279505442751,-0.531713502566757,81.67727024676985,-23.390033299840063,1.1003655861250283,73.21542191079577,-33.4151720216054,5.628068450507954,67.12591187960372,-41.76966788931478,14.974902398801134,58.49292049861674,-45.46846976436602,25.21912376200924,45.40326478549279,-43.94414308228681,29.626172004592092,33.014885552826215,-38.986496113185716,25.600510759958553,24.36,-30.1,19.31
98.63000000000004,-1.4600000000000006,-1.0600000000000003,85.04270651531209,-2.734203810467579,-10.596223050929856,71.91017127564206,-2.093284445731577,-20.574545490847225,61.48335311948018,9.5047383000587,-26.64332867226753,53.23696231135477,23.225134586129712,-30.985864326924915,45.45538556765444,37.01227310373845,-36.14703647838016,36.05505090543215,50.729311012343814,-36.13936108268746,23.973210169997117,57.14908610946936,-27.926718383484918,15.93,40.94,-24.41
98.31,-3.7399999999999998,5.160000000000001,91.3087592958151,-15.03382431865821,13.883271742768075,81.48533464468731,-26.828372962032006,11.614811520666061,76.89467343266281,-26.615266008880877,-3.9524872518967107,72.54429944672235,-22.76002191091437,-18.727059408513924,62.791349494943034,-16.02339146133007,-29.283273807899622,51.58894703634273,-7.443399730950449,-36.59370507064216,41.40625832478949,2.4941981959214647,-43.64405886521713,27.58,10.07,-41.29
97.57,0.8200000000000002,6.22,91.81277078251712,3.0349524942493007,22.004417158711675,84.42074011276517,11.187253992957455,34.83428323495016,76.82367294968563,25.044132735816792,41.089907098509514,68.81157147307626,39.23304690363474,45.56378066215464,59.02910596130168,52.82794868080929,42.909202851021014,47.403362286106905,62.82965137062386,50.0394985727072,30.984181311061313,58.14454184939934,50.00369998206761,25.3,47.77,37.75
97.93000000000004,3.350000000000001,-0.9800000000000003,87.5496367329352,4.017261957480637,-8.051754910774935,78.13774970527308,0.4615825210986388,-15.595113955475927,69.75564419438753,-5.642219981409315,-22.71518393837516,60.353046077208354,-10.66197467152929,-29.429747513148914,51.80992419350246,-7.340932662799137,-37.95656514130674,41.373294526276965,-1.2382201977432277,-39.582808252984634,32.78258746824726,-3.5550023879222326,-30.383976093189336,22.11,-2.8,-23.77
97.93000000000004,3.3500000000000005,-0.9800000000000001,85.69547456154814,4.363999014215093,-9.425469791692041,75.29279586320119,-1.865328426017593,-18.072514480088472,66.18173950738948,-10.589548846180795,-25.974809595014637,54.01506573019831,-11.825685676585392,-32.33513784124064,50.150863050228295,-21.780123948014428,-20.17843416037288,47.47212263693588,-28.83053343471571,-7.73526431412235,38.956795609726115,-31.25719683815552,4.127519882523724,25.72,-24.17,4.16
98.43000000000002,-0.6000000000000002,-2.380000000000001,88.64387351033244,-2.1860928127232224,-10.560540406334228,79.19520541083737,-8.962170037659432,-16.000801485875698,70.12781795230465,-10.669293375449945,-24.959564950036206,60.02018868454288,-8.760904891533034,-32.64538408752652,50.70675997448797,-3.108320701252124,-39.44961123645134,42.06235227105248,4.708685771140058,-44.8604462328281,31.23075579438276,11.433197957598086,-45.91002305008104,20.93,11.94,-38.06
98.42999999999999,-2.8800000000000003,2.7600000000000002,92.78000227339079,-12.504140433779282,11.318028366518766,86.63685179181563,-22.38770448681837,19.213894081649922,79.83991353350457,-32.1096878629861,26.773983936206974,71.17913338714226,-41.90858488508578,31.934109997047468,58.559781685766914,-47.67749210860143,30.491681241296252,45.17272968544906,-43.38766710690861,28.70365834179886,31.904269844791763,-39.46989588165161,27.16834468704461,24.36,-30.1,19.31
96.54000000000003,1.88,-2.05,82.03291697142485,11.542769222740038,-10.938246687679062,69.79607302173122,25.277300035594962,-17.579745909648103,62.72612329652015,43.43933592586167,-19.097541511903557,58.242038033629804,62.17374403140243,-15.73722216016849,51.396236128737804,75.60211372707509,-3.3549211681794375,44.6223004790289,69.12938641852759,13.818781597839152,31.517633734088886,56.50169485385137,6.557166136666616,19.98,42.24,13.41
97.73000000000006,1.9800000000000006,2.860000000000001,87.00351990509209,14.89306321917762,8.722193691111238,78.08198360002095,30.060837825479343,6.344508914343785,71.02477783087664,45.35852735621372,0.7265535223754378,63.13339706998705,60.79251488076284,-3.2143026197394966,53.20646160446117,70.9171957906867,-13.93790710500334,37.609793711649814,66.52820655800448,-21.221238732399993,28.473968886911706,56.79478818661419,-32.95823647843654,17.72,46.24,-42.38
99.39,-4.330000000000001,12.430000000000001,99.67978026516978,-7.573230027584858,27.228512112882882,92.65536076702436,-18.58058114398927,34.52661326060169,82.82475638996259,-29.892990874577297,33.74063283923244,72.60779753507146,-40.55587406531704,31.184457326036505,59.45898481363817,-47.64016058597795,30.922894835560182,46.4760635305435,-41.715942313672784,26.057651075695965,34.83713414629609,-36.89844645303207,17.907326565060753,25.0,-27.48,11.54
99.13999999999999,-6.170000000000002,18.19,90.84059367624266,-19.225190038833688,27.807200172462334,80.59288910109927,-26.405213361980636,7.220528490021252,70.73096084548597,-28.771582136686757,-11.862285972776812,60.20498509745881,-19.12173933661993,-29.03702054485341,48.22447004277447,-3.6653575776570175,-39.24951985624734,36.79859833795342,13.456374199791563,-47.921155456768346,25.061387290137873,30.059878898870316,-54.45473377649885,13.44,17.74,-37.72
99.39000000000003,-4.330000000000001,12.430000000000005,95.78234903870626,-5.740869868572618,31.522100356888487,88.83351747493512,0.3575459184902985,48.68830053212348,82.30833485365456,9.625789008985882,64.55504997632498,74.1881331073393,26.746727746683693,69.16682873500648,62.79735520879038,42.27028410703964,66.09212853014876,46.4820431348464,47.9891435950915,57.20591439552481,34.869399099237256,38.54887818726608,44.66374232391347,24.2,27.72,32.42
98.88,-8.05,24.45,92.29233173622157,-3.6421228890905164,43.28044695558172,83.96562890533474,7.636582640713978,58.12365789024214,74.50449679009803,25.55388763856428,60.97386766338186,67.33590090600767,44.54833101568359,58.618956800228844,59.2539602364316,63.23598569487794,56.80789709992815,43.413726781813416,70.62929954909606,47.07812852307687,37.46951406064575,60.139064963175095,30.264119031761894,25.95,49.18,17.37
97.04999999999998,1.67,5.99,90.0122517292208,6.315838921322075,20.541088320021338,83.454670184235,13.02443052530153,34.499887144773034,76.98816513752705,22.93932839887613,46.44770171891496,71.00814616364751,34.2699446865074,57.34168071314955,62.78880158157323,46.53925414718824,65.42206103575462,49.08362746938478,54.48933115657593,60.28223592088632,39.49201384972739,44.76881737714131,50.230656149565085,29.34,36.59,39.62
98.74000000000005,0.6800000000000004,-0.8500000000000008,87.38789174093986,3.191047633235758,-8.400918167685202,76.38359925342914,6.249338515874777,-16.257178158916485,65.38452474817042,11.186045096067787,-23.101110745794738,55.08039607663759,15.190144497070957,-31.46513912893337,45.739784341720224,23.326379210548353,-37.693441439248886,37.37748609309069,33.0049442117685,-43.035049026620385,28.595224675527785,41.852400360031886,-49.09918575440439,18.09,49.37,-54.13
97.17,2.49,3.579999999999999,87.49071558261295,12.151360354723359,15.035133140580456,78.71118507794095,23.870013276538135,25.224689469000843,71.06844429423863,37.128120795367835,34.39708014330118,64.03163579719552,50.685131474865656,43.65997160457663,56.17559843935475,65.44382434935989,50.62731917571026,40.186198072463235,62.70511169534149,44.06452265939719,30.997449949941437,49.95922914268826,35.68565108343015,19.69,41.47,24.73
86.19000000000004,-7.470000000000002,-13.670000000000005,80.69853367486765,-7.877431792734113,-17.725986968484406,74.80972948971558,-7.502357647158412,-21.183528617052247,68.586241338594,-6.629351919557838,-23.881379609654214,62.12846717837153,-5.564991809308293,-25.865547297610867,55.86372134814133,-3.9937440639330464,-28.11450983121706,49.3853051695258,-2.4275446772441196,-29.646731483653546,42.67778395504867,-1.1051184202584772,-29.456459751623665,35.88,-0.39,-29.23
83.62,12.610000000000005,40.25000000000001,79.22089314558136,15.932223334729587,49.409046559709715,75.18239783660061,19.196624932732295,58.798947973154526,70.7087476952845,28.29599586174559,62.0845917295558,65.60464842897292,37.66648033336,62.54535316924489,59.22716693361462,45.907494081049485,60.28885294358421,52.44158207213122,44.80406348630944,52.03635110901622,45.89701690253915,42.10069435135056,44.03908259236848,39.11,38.87,36.43
84.82000000000002,-25.280000000000005,23.750000000000004,83.03563545760991,-30.224872275209986,29.77627340459872,78.87633380472418,-35.85332103735722,33.7110587747719,71.47837196104577,-38.46207657646321,34.88016436564901,63.45744481158331,-39.12091409926595,35.71192179949263,57.250822294717516,-39.112675352097824,30.83445802418162,50.19199028127475,-39.27616144850892,27.081001210906635,43.28225583308889,-36.7931403654753,23.943022835836256,39.27,-32.49,18.54
82.54000000000005,21.760000000000016,15.210000000000006,77.50649371945079,28.77868214981534,20.41119459303483,72.85125547720705,34.96404011076543,26.866860619376983,68.21306441412833,41.92963549495647,32.492425513249785,63.01270297300654,49.83075177088985,35.96614050974607,57.57563300967374,58.00223499778535,38.25779304319297,50.34055220385335,64.21032464238205,34.96179961469118,43.00468510971382,63.54900397177258,28.068235763381786,37.37,59.39,20.82
84.80000000000003,17.679999999999996,-8.970000000000006,79.96414539197924,21.465202848627296,-9.8847997897459,73.86965211630493,22.57166183383394,-9.439783270806032,68.14431302948643,24.8801192943989,-10.102328395434332,62.08781347734768,26.23787641096377,-10.255160796256494,56.39454196344109,27.435409033675352,-12.406515817962223,51.562432587410555,26.103549334807994,-16.077646590826657,45.58570402339679,26.15998112478958,-17.751859034764227,39.54,27.27,-16.88
88.21999999999997,1.8399999999999994,17.129999999999995,84.62743633098023,3.5917339585502646,26.982099047651012,80.07820779922535,7.554846744553506,35.74008200982344,74.26590368874054,13.686929849714529,42.180849896917834,66.12648991574397,20.397935202196628,42.88464602467662,59.13509317901249,25.802749038848567,37.00148970414842,51.9962416021326,33.65901443572718,37.95536372137126,45.02309852282951,40.710737637428814,34.11621105380442,38.27,43.26,26.31
85.26999999999998,3.098047269634736e-17,-0.010000000000000021,78.848457051988,-0.9439118594854397,0.13471825727950698,72.4237318997584,-1.2425701178356503,-0.7509076050580696,66.0968685496436,-2.269870333919433,-1.7834195174020682,59.82299169953861,-2.769128785996045,-3.3763084095528693,53.509197132555705,-2.762454898981279,-4.888847885600242,47.32619323698682,-2.1853283479687176,-6.783760246480873,40.95128311084819,-1.2917487218077452,-7.624231250208964,34.52,-0.6,-8.18
85.42999999999999,2.0499999999999994,2.9400000000000004,79.09073514131872,2.3343567179092584,3.1180500159722415,72.74802022863713,2.3433158896429642,2.8564573635716575,66.42224636973964,2.8356633034803194,2.652057400284215,60.12446358114687,2.228800236402539,3.172224971985835,53.811849447660734,2.7703131559315626,2.783518085878821,47.46814804729984,2.957386537919724,2.6391543307627203,41.16581862498135,3.7160316577369006,2.579136212761886,34.83,3.32,2.52
86.34,-11.729999999999999,-3.9399999999999995,81.53201852840844,-15.938685706988048,-5.807619019550123,76.47220362935211,-20.21846165982526,-6.44367231992228,70.43556393161488,-23.017878936339464,-6.646040136021712,64.36758668404372,-25.651472781967858,-7.385057983404445,58.18144268448095,-28.09524465978397,-7.841517346377172,51.763098372499265,-26.493819718462905,-8.507795669322261,45.193658627880005,-25.618865389248544,-7.8791631316753215,38.69,-24.2,-7.78
87.55000000000003,-15.350000000000009,1.5300000000000007,81.5538074259,-17.567822019800687,-4.018798434438774,75.6452510710456,-18.731594757003553,-9.968542564035848,68.90369510534785,-19.95574687051321,-14.939727044126496,62.172832426567204,-20.360754710141958,-20.057871567780666,55.77327681725134,-16.383106595379036,-23.915940050984297,49.31814277071218,-11.122101853337204,-25.437961118380723,43.28560622074664,-5.681943494608059,-27.820042261189762,36.69,-0.55,-29.17
84.89000000000001,-0.07000000000000049,56.63000000000002,80.61290877035339,10.464904139528798,56.32227850083336,75.51624936326485,20.44211230037739,58.30061618433973,69.79794706692769,29.766865076324084,61.368433780429626,65.05804897173064,39.8085375920287,64.48427117103876,57.74023363378608,46.523598643996955,59.30955604406555,51.02290768377465,49.25911289202205,50.621289144919274,44.38946497294734,44.644705481254846,42.57028684296748,38.62,40.46,33.71
84.89000000000001,-0.06999999999999997,56.629999999999995,80.87692458269012,-8.45267541855959,53.87572665997965,77.0770487260928,-16.76728634563216,50.651773590303186,73.05864927900467,-24.712969255553926,46.82214995208445,68.64616566838876,-32.09262048242539,42.33603223682933,63.37087325858082,-37.18451017704773,36.003484240374526,56.77146125760078,-40.5446536824939,29.762771930587668,49.45760481917613,-37.84033639528244,23.988834165087333,39.81,-38.05,23.17
84.88999999999999,-0.07000000000000027,56.62999999999999,80.17748428991906,9.913446452601972,57.395822406055835,76.04705207288583,20.12650174465208,56.34891048066703,72.56215856818909,30.34870712209098,53.93433759478029,67.29918427272584,39.05021434949851,49.57081738293864,61.32257596011675,45.78701795397892,43.139992226383136,55.04671039187775,51.889383335543776,36.369164452974275,47.64492924565756,56.21967250459807,29.375082564818282,40.08,59.79,22.13
82.83000000000003,-9.310000000000004,-6.510000000000002,80.81054713464282,-17.763993344866126,-13.862723802317088,74.81181273432452,-15.661524903627562,-22.19148993162274,66.45236200433551,-10.87784007007187,-27.00803225055725,56.411937727132766,-8.917307953406644,-30.350084235655597,49.25149666423607,-4.875624328616404,-37.21205831754826,41.7083279492804,1.6948118910958312,-41.05052915840385,32.84003926079213,5.949585343529235,-36.762135876115856,28.89,2.71,-27.19
81.43,10.33,29.35000000000001,78.72563871086979,18.415631367885588,40.87328112043604,74.7394098973932,27.67032540155527,51.06562799046051,69.28671244336851,37.77054511492979,59.664157381977375,61.60895262081775,48.41979872363313,65.41047383748003,50.00893287927622,55.461719822797065,60.96052967722481,40.39227476824431,49.0533090374948,52.390389947486696,34.92471867779625,38.55356626127471,44.31202129351077,30.34,31.08,33.05
81.08000000000001,-11.37,11.26,78.42768970995724,-16.98147379361957,17.786186805151136,73.41896668970823,-22.19207878033626,23.101023585543288,67.53084090880374,-27.785843873964325,26.934502977765618,62.65953601462929,-34.56756115879378,30.19591096476147,58.95679544118637,-42.497572065416605,33.56770037036645,50.817059699765906,-44.40868215027649,32.30535207368679,43.51271008877845,-40.64257347624976,28.686726589649435,35.91,-37.67,24.94
81.21999999999997,14.510000000000002,7.1499999999999995,76.46904936126481,24.471236037038178,13.849198371226674,72.65467089228665,34.7543402336085,20.660605677235445,67.60472077944212,44.116750788436306,27.980708609468923,59.66718895620617,50.81059089256434,35.68338298445146,51.130733349813205,57.64781251425471,42.52793762251737,43.69428901032138,65.96660387784962,48.85889264649907,37.49523896257054,60.01405025601715,39.09391512085958,32.64,55.15,28.18
78.79000000000002,0.0,-0.010000000000000004,70.3487494018723,0.0,-0.010080550682487201,61.90749881016921,0.0,-0.009741506377039,53.466248359136536,0.0,-0.008163589610789394,45.02500237159968,0.0,0.0006593782299030572,36.58375179534348,0.0,4.6391311514225734e-05,28.142501197019627,0.0,-9.949884079197188e-06,19.701250598511923,0.0,-1.3480396328909103e-06,11.26,0.0,0.0
84.88000000000001,14.710000000000003,7.2,80.86522872414629,22.538365681991365,12.639269152209163,76.66448737220328,30.100701157666826,18.309537871111296,72.47312164343954,37.28784610474213,24.455109742980106,69.02889627036015,44.60846244411508,30.89963209491023,63.42134242052609,50.62933310174526,37.163515198782065,55.90250212456012,54.04509311633069,43.391800373211865,47.817368990449616,57.884541080422316,48.57616391243644,39.95,61.99,53.89
89.89000000000003,-12.980000000000002,23.900000000000006,87.13972767153659,-19.191355769551016,29.88426925987339,86.05330808245817,-25.006284381942464,36.730022127785816,83.16349525536609,-31.303274452143086,42.61606837499301,75.75748735525856,-36.43456146968616,43.29424019959662,68.19470983501158,-38.004893351362355,38.61290490011519,59.24351969852905,-37.8665659302027,38.4578391110001,54.85432319842057,-39.36545858863254,46.3317965130809,48.17,-41.75,51.96
89.98000000000002,1.8200000000000005,17.050000000000004,86.48974582219537,4.663023571082495,27.86845790233267,84.8321145166645,6.658315043492792,39.220896403500376,79.79422041674623,10.56443802910203,49.615065464171366,72.2038907610892,14.220809448030732,42.37977340832093,65.27550064864872,17.846499282347743,33.68333152636951,57.828529374071074,22.47022613887719,26.038154763267578,52.231890119592954,31.924954582629013,30.195888777451458,47.92,41.09,35.94
83.8,-8.010000000000002,-18.95,78.28406712313986,-7.45177001775211,-20.78520933004096,72.94795136872281,-6.128112363010551,-22.75537431501274,67.19432177308373,-5.903917427213368,-23.73021960211767,61.9494875964933,-4.376094425164997,-25.794595676218027,56.38827409342123,-3.358807580681618,-27.258591197432203,51.0759901186913,-1.5798264286095711,-28.907898753499303,45.327062576388265,-0.7355435838687168,-29.49053807915681,39.52,-1.07,-28.97
84.32000000000002,8.770000000000003,51.52000000000002,81.53793261572326,14.187153078915692,56.28571007340629,76.83628456399109,19.19441563439454,59.825210024320725,72.93315959022998,24.98553607268847,63.11185683625244,68.08603409753547,30.66179149144845,65.11019282751442,60.97583466934098,33.31766650011176,63.6436231935739,53.87093085041323,35.87122638442305,61.98239118068931,48.824628169973835,38.37692508823001,56.696491227239804,43.72,39.94,51.11
84.45000000000002,-33.019999999999996,38.5,80.28430473717584,-35.77198012560477,36.479965001520185,76.15074034984403,-37.89329223305752,33.7543868243611,71.75349018411958,-38.332902613814866,30.677186171772913,67.183233854785,-38.45933839636326,27.830468235343268,62.79464997486044,-38.24551354271734,24.712327988926074,57.524220524386344,-37.99442169959906,23.658513691676916,52.18735859514851,-38.34187099155717,24.292467078161735,46.82,-38.16,23.89
85.23000000000002,18.659999999999993,10.49,80.5105234035463,24.581680573268947,13.138404469792109,75.616955430398,30.321674964605815,15.869779817898994,70.70594766637603,35.81059794372692,19.049102811595088,65.85086757214205,41.63553883348837,21.667015562433427,60.63770161026475,47.16630173429219,24.232469113344052,55.16867437342867,52.37490011210971,26.947400450633033,48.17563855221649,56.25112672168026,27.54242792061904,40.38,58.14,27.48
84.84000000000002,-18.210000000000004,-0.9600000000000001,78.92642445848377,-19.488091955920837,-5.3758183008049905,72.99891910055274,-18.099545508511973,-9.739265427957971,67.38819071196782,-15.665948363626903,-14.063856126154835,61.95767072964855,-13.193714555617941,-18.59123011768499,57.15648609428322,-9.908488082569834,-23.30984916313802,53.45088443196965,-4.824788839707404,-27.402421370465504,46.99598747334218,-1.4719520653068436,-29.073654056091392,39.52,-1.07,-28.97
83.83000000000003,0.02000000000000002,56.730000000000004,80.65662684664103,-7.945894842299164,54.360386899999476,77.60280286513411,-15.625781889582553,51.06861851842173,74.37768596381196,-22.567471843431328,46.53394757910336,70.87767036371787,-28.414298319011174,40.814327846077475,67.2054158007844,-33.51017497280088,34.52016051230296,63.89092170302202,-36.85514604679843,26.81735087071199,55.69998224434893,-38.4671516346181,24.308290806652952,46.82,-38.16,23.89
82.3,-0.8799999999999999,67.32999999999997,78.77040716478795,5.614723509360879,69.38889749207087,75.28712772822674,12.35964678305233,70.50791309558676,71.6912164362641,19.137264249566357,70.61303698400928,68.21212339670176,25.97683284771249,70.53122358065932,63.857354994415076,32.01118511624525,68.66325672006825,59.48445688289714,37.923270569178264,66.47114751466398,55.34149230725032,43.76623872272227,63.719084855506395,51.04,49.16,60.36
83.83000000000001,0.01999999999999978,56.73000000000002,79.84431141561346,10.259275451481795,57.25580087289975,75.93220311769782,20.500395196985217,56.350496866496044,72.5636212646873,30.66149736539125,53.81688360458047,67.24383391695469,39.19512414201825,49.36042465496773,61.170629843321365,45.71181846075885,42.90643373637765,54.93677305170959,51.75068397535895,36.148029402314464,47.674345777824456,56.45296272698492,29.35459827876177,40.08,59.79,22.13
85.42999999999999,2.0499999999999994,2.9400000000000004,79.09073514131872,2.3343567179092584,3.1180500159722415,72.74802022863713,2.3433158896429642,2.8564573635716575,66.42224636973964,2.8356633034803194,2.652057400284215,60.12446358114687,2.228800236402539,3.172224971985835,53.811849447660734,2.7703131559315626,2.783518085878821,47.46814804729984,2.957386537919724,2.6391543307627203,41.16581862498135,3.7160316577369006,2.579136212761886,34.83,3.32,2.52
85.26999999999998,3.098047269634736e-17,-0.010000000000000021,78.848457051988,-0.9439118594854397,0.13471825727950698,72.4237318997584,-1.2425701178356503,-0.7509076050580696,66.0968685496436,-2.269870333919433,-1.7834195174020682,59.82299169953861,-2.769128785996045,-3.3763084095528693,53.509197132555705,-2.762454898981279,-4.888847885600242,47.32619323698682,-2.1853283479687176,-6.783760246480873,40.95128311084819,-1.2917487218077452,-7.624231250208964,34.52,-0.6,-8.18
93.16000000000003,-35.230000000000004,-10.880000000000004,95.68574773554064,-21.073985012030587,-6.8541397094759215,98.66454508710864,-7.241463265343022,-2.1296533605389794,98.2401380952624,7.390026586870423,-2.5454535083233543,91.79449414996293,17.17420457649726,-12.12963185334776,86.55725664325006,28.74005798213976,-19.98434796043073,81.77788248342468,40.87564859948766,-27.25227051880197,76.82509212826562,52.72700560190521,-34.864763650641756,72.18,64.94,-42.09
59.880000000000024,-55.67000000000001,45.00000000000001,63.67785780803596,-43.662483516968585,58.702890228315255,68.30168897261018,-28.902531206236066,69.00991081246781,73.33287752257226,-11.088076493421303,67.28863556194584,77.98331450799385,3.749714862457015,57.04733760833943,82.43352030539961,15.26492046311384,43.29619609992683,84.02329729335925,15.848972590836777,24.648658683667716,87.44360616872389,16.278958715661123,6.655806144475191,95.15,0.0,-0.01
50.02999999999999,60.43999999999999,9.309999999999995,55.17517892771379,50.91328986592616,25.091154629770635,60.18715409136905,40.877797347519014,40.59486636715298,65.51441354033275,30.32773162766021,55.660027978375545,71.88401023720503,17.022942140789684,67.81891457665562,79.91847880729063,-0.24600777192537718,68.6212708674903,86.8252973696031,-12.702961719262003,55.7624692625013,90.67042955193536,-15.619459670021005,37.279571798051656,90.06,-8.13,19.57
30.120000000000005,25.62000000000001,-59.24000000000004,34.867717066018834,19.90378926114109,-50.94193783484145,41.284877857407594,15.48530395345505,-42.98291516207117,48.67424810325892,11.967683434340515,-35.42784773285717,56.51807337820367,8.88440117091592,-28.14587124438156,64.85120891214157,6.485850477575829,-21.155846360999213,73.14094511022479,3.9290890726494774,-14.17013081235512,81.4826394860034,1.8240643389503473,-7.096168485851966,89.88,0.0,-0.01
14.900000000000004,40.629999999999995,-32.330000000000005,31.229034592781964,20.575368244722203,-39.15503398651817,40.443157744019864,-2.499272075940314,-28.141465321948615,50.23790735180463,-22.940561852604993,-13.454664848100327,59.87248846354275,-40.45940144603563,4.753043618721688,68.65963490335378,-50.76402653604817,28.140357490984595,76.27526934079388,-48.845393748258815,54.022617318327505,83.35383350950323,-34.509918673076726,75.81419937652794,90.86,-10.31,85.3
0.08000000000000013,0.5599999999999997,-1.5100000000000002,7.868839888102981,16.65471381717812,-25.727787950175454,15.153838716053485,37.808880318088214,-46.23257179341041,33.908937986502806,50.56465288129568,-30.59662845679702,45.70977997547256,58.01915765282985,-4.976836837096735,56.20767193205921,58.444682789015346,22.301946284447258,69.19095865410438,39.555470486711236,40.46750510728485,82.93580544645182,13.866488390669662,37.68540738782121,97.92,-9.92,29.66
15.53,46.63999999999999,-64.86,32.946285930365015,65.24934222118814,-55.88957340101314,41.50454623204065,63.083060053899445,-29.066437441121053,49.00394004095202,57.89598894887012,-2.905917062260667,57.081423785983795,49.71149721203424,22.45672303705515,65.69934451622406,38.72844465906766,46.51253630920329,75.22860399084541,22.574425815840826,67.05323737089478,84.97058456464657,0.5561444988372797,81.00649632923708,94.48,-24.48,88.53
0.07999999999999997,0.5599999999999994,-1.5099999999999993,5.703146689519475,19.751655862880455,-28.743727901525247,23.06573655752023,45.884947848970945,-37.1870913963145,36.85555623282282,51.27931748826807,-7.008939331284631,47.46478436377208,55.017971577006755,24.320816250528424,58.3941059126429,49.31917544945123,55.30544496759426,72.18225309677283,27.53566788101911,76.31396986733894,85.92486770155111,-2.5226646367962005,72.10173663085949,97.99,-14.19,43.18
15.160000000000004,0.0,-1.6809841102490575e-20,25.158750512942337,0.0,0.0002063193523861992,35.157501007954906,0.0,-0.00042701968634636044,45.15625140758371,0.0,0.001092373482345763,55.15500106140912,0.0,-0.003057657530736604,65.1537485172782,0.0,-0.01087919067108238,75.1524989733696,0.0,-0.009793166946798024,85.15124948506865,0.0,-0.010052841171477192,95.15,0.0,-0.01
19.89,50.68999999999999,-51.72999999999999,23.689550820776866,40.408101178655556,-44.17919540990199,30.507101548738664,31.571360903912925,-36.933590177441346,38.82136242233625,23.687218672836902,-30.16231537773338,49.249937056094794,18.21785338139135,-23.96460442955165,60.30734950721167,13.275344181507139,-18.449564560996965,71.75007404117892,9.068668546571276,-13.113537116185455,83.3930931479123,5.2683962722771085,-7.907322522351343,95.1,1.73,-2.66
30.12000000000003,25.620000000000015,-59.240000000000045,35.367312396197605,20.11695542882974,-51.08768181315656,42.4475403078786,15.626395487565743,-43.74042741924223,50.50143960269434,12.298136179644835,-36.78709240940608,59.0735812907038,9.339711748167597,-30.30546832343614,68.10280622074357,8.46885322632511,-23.82176634168918,77.2488992819184,6.056191161593463,-17.92612846674078,85.95471176059199,1.5783492361068343,-12.604080462288099,94.96,1.52,-6.01
39.92,-40.820000000000014,26.570000000000004,45.66287242519291,-35.79506321907939,22.466725400219513,52.03188065313493,-30.850586051257107,19.295758063035816,58.78696774056205,-26.437801899665097,16.1389881450761,65.32019844225312,-21.734050737257707,12.93760961106529,72.8022259591688,-18.015026996866116,10.641390249772078,80.63056178475058,-14.787185728605747,8.807845286674008,88.25742840430067,-11.239465909390978,6.728792709571127,94.91,-6.59,3.7
35.03000000000003,38.450000000000024,41.490000000000016,39.65760254511129,36.46051489998949,32.38382210116853,46.044261701316,32.52166232395624,25.173279452207964,53.69460703168476,28.132157703190863,19.65087991418893,61.83098252578418,23.274776622065406,15.349484820627001,69.99342719894533,18.481027334189548,11.026468059953965,78.34993463155563,13.21615857810666,7.748212900607143,86.73815639643426,7.76053496355011,4.889960831407196,95.03,2.51,1.43
29.95999999999999,46.519999999999996,24.74,37.027211394162116,41.94164158704061,19.146884382498843,44.85103619468079,37.08353771341414,14.978411475791923,53.10622448578308,32.00104477983558,12.113081341179338,61.36321284251648,26.64540508148411,9.804606458930154,69.70853807707793,21.505295066018267,7.3297950042664475,78.15611316917919,16.27141573305637,5.476417425332187,86.60386660156414,10.921618091031457,3.9914949064379575,95.06,5.73,2.06
30.120000000000005,25.62000000000001,-59.24000000000004,34.867717066018834,19.90378926114109,-50.94193783484145,41.284877857407594,15.48530395345505,-42.98291516207117,48.67424810325892,11.967683434340515,-35.42784773285717,56.51807337820367,8.88440117091592,-28.14587124438156,64.85120891214157,6.485850477575829,-21.155846360999213,73.14094511022479,3.9290890726494774,-14.17013081235512,81.4826394860034,1.8240643389503473,-7.096168485851966,89.88,0.0,-0.01
30.159999999999997,0.0,8.825166502769326e-20,37.62500066644147,0.0,-0.0011688679161422264,45.09000095438526,0.0,0.001480136459266802,52.555001201957744,0.0,-0.0012802923500310698,60.01999698666509,0.0,-0.00989716694937276,67.48499773461944,0.0,-0.010283515243798266,74.94999848438752,0.0,-0.009933961646696065,82.41499924204793,0.0,-0.009999950936521163,89.88,0.0,-0.01
96.86,-3.060000000000001,-2.7,89.94467097806091,-13.031557212260193,-0.4219219669262376,82.29789612038749,-22.644559536926494,0.8615216319165783,74.63832356419157,-31.62816068669039,4.4553625249117825,68.85362857287173,-39.60405682307226,11.915376800504065,62.665615108083514,-44.74347478766018,21.256208155274305,52.62102534228693,-45.30799522113016,28.447906890724393,40.92432167047208,-41.84013606844844,30.047389226429168,32.05,-36.02,23.53
96.85999999999999,-3.0599999999999996,-2.7,85.49069032788663,-2.3928426199906636,-10.174613366509194,74.78801948887144,-3.2955719223385214,-18.522494902603206,65.27673559866814,4.339781569293742,-24.618794473743943,57.80396721541759,15.014866109796653,-28.554558729892193,51.40652989867574,26.49319520982839,-32.13620970611054,45.353421022855116,38.0567650473177,-36.02841023586697,36.62784974972633,48.38866523873612,-37.14546959311387,24.95,52.19,-31.01
96.86000000000003,-5.940000000000002,7.120000000000001,90.61233039486449,-16.1696151161991,14.838848218438976,81.74816095629635,-26.59853254135839,11.914015758771704,77.37001029837599,-26.94072928433959,-1.8610908224705396,73.73257439529446,-23.979689255848633,-15.299411426998164,66.88277678392417,-18.58085250918103,-26.537538080036455,56.48061772828422,-11.53246904795748,-33.260764335353585,45.726862807462496,-3.511683382913262,-38.07086982609022,36.93,6.0,-43.98
95.33,1.0099999999999996,12.8,91.39804384432206,2.0069289784886974,27.078489543562746,84.03907758361991,11.936140234274072,34.529532288241406,77.56179064816014,23.504629891637343,40.509019868615745,71.11555891319253,35.523096549270164,45.6008659738873,63.11548388029584,47.43538155017258,43.17037302221634,53.93007383029404,58.47178720819236,45.64854786723048,42.3413720136787,63.492564314736654,51.91436857986561,31.29,54.7,45.13
94.53000000000002,2.4299999999999997,-3.5099999999999985,85.6129513778015,4.001858342087856,-9.460817192623686,77.79043743952904,0.14825459437781247,-15.917672897477935,70.55316940785744,-5.115168769458591,-22.027182112865,62.672105484716965,-9.692813457901588,-27.935688538676807,54.315608961436695,-9.929509515625213,-34.70435540488742,47.20077299068461,-3.89086816978522,-40.39264857587978,38.345277414441455,1.5962413565306575,-40.09145764721454,31.57,-2.32,-31.16
95.17999999999999,3.75,-3.019999999999999,84.62456652679519,3.73521780981556,-10.229918153852,75.67895510019403,-1.451740013486865,-17.722254016358455,68.3168845376963,-9.537010974879335,-24.209899914655143,58.161670504339064,-10.792562928066165,-31.778028026801522,49.84319297693103,-17.57177317627606,-26.283905460922664,49.501004916031135,-24.931648755540397,-14.98069496630333,46.816902325895285,-30.73169222007993,-3.9465889322993366,37.3,-30.45,4.31
94.53,2.4300000000000006,-3.5100000000000002,82.19377612874469,12.081320460178587,-10.726458747745637,70.94043882481222,23.508824614723537,-17.02903292366034,63.84843230691954,39.001282293929954,-19.39339168740495,60.08190960884547,55.745124596986415,-17.173518079273247,54.87085642181732,71.06502534167342,-11.298697586375349,48.693817289037234,74.84266791827812,4.289968923031566,41.83321194295957,65.07323834059223,16.349294896283418,30.35,54.98,7.02
94.30000000000004,4.960000000000001,6.6700000000000035,85.50493798700856,16.720627699847178,10.478951457878221,78.55900122866622,29.328517816468793,5.787617096452214,72.3564958363914,42.48413336048597,1.5617597390436124,65.81331703269123,55.89455626974233,-1.0385026735502614,58.77592658779356,67.14988107559643,-8.355105939809015,47.21930056890072,70.88154187023636,-17.28431798887499,34.5137409379452,64.37817771491467,-22.49311233114522,28.09,56.28,-33.57
98.87999999999998,-8.049999999999999,24.449999999999996,95.08107999329961,-15.306849586926825,33.12774695929035,87.78362071282828,-24.46247767526884,34.881415659725114,79.856520250417,-33.04076954510211,32.752285637933795,71.65013178207244,-41.45424116282929,31.153564258701564,61.64606775207323,-47.79507969744371,31.216694522040285,50.72210502379817,-44.155634211976604,28.156705885562058,41.885210965955466,-37.67938634910777,23.521036834831676,33.01,-34.04,16.66
98.88000000000001,-8.049999999999999,24.450000000000003,87.81544613029347,-21.491787988433778,21.141954989548264,79.43142890170779,-27.29308501054089,6.537487731036882,72.1310943837611,-29.045264406507265,-9.57017727227539,63.671726537344135,-23.5811612083621,-24.19650874136156,54.96173609656117,-11.94149171332338,-34.435519492505335,45.49219477476181,1.0692132738640692,-41.990188026853154,34.67861421506347,14.016947743659458,-47.593625741697124,22.11,25.76,-52.08
99.03999999999999,-6.909999999999999,20.599999999999998,93.28324713062084,-3.227931305391959,35.55575674333711,88.39488172500907,0.618197520208285,50.787088759738275,82.74427765465788,8.786286976298754,63.8878586226864,76.08375375786378,22.950026013783678,68.97592715075399,67.74020902249728,37.082973581761095,67.9578714168429,55.48807451896368,46.71819998026405,62.724212120951435,41.61436067609268,47.716600377304864,53.97006519493472,32.84,38.76,43.24
98.43000000000002,-11.450000000000003,36.890000000000015,90.70443958855506,-2.996566813576357,49.129002411910655,83.32894659893364,9.008215307138688,58.20414473615047,75.5364275966722,23.52449043257685,61.22190438439663,68.95431765195328,38.79264841593749,59.132696344693,63.95434470781611,54.76396185556389,58.02435752005414,54.11211244473071,67.98373600472028,55.15809808432053,40.305249462010984,71.61369749765768,46.735936225788386,36.91,61.61,32.96
95.85999999999997,0.87,-6.220000000000001,86.90644522626711,-2.5389864785451897,-11.938057136631617,78.9692606715079,-9.153767574055815,-16.142128728623188,71.15492141072046,-10.676988562686084,-23.968070407753,62.57561876519251,-9.442530714028527,-30.989804963586135,53.863055545778586,-5.761885246295664,-36.90460897746257,46.59406186775587,0.6877869994776205,-42.392528387446404,39.330717493510505,8.073455042938502,-46.5403284320286,30.51,14.68,-48.28
96.41999999999999,-6.269999999999994,5.939999999999998,91.33760130981894,-14.791522531388894,13.308975925552023,85.88547875052221,-23.57243521139664,20.085122116359862,79.87231827811561,-32.068421346983385,26.751085667447587,72.44147661661756,-40.6280538823925,31.681762420743684,62.35350097154624,-47.67250247549123,31.268589080540696,50.4854965746338,-44.78112222011603,29.00538240129861,40.77626629886009,-38.05128245711127,25.278351624440596,33.01,-34.04,16.66
97.23000000000005,0.0,-0.010000000000000002,86.91124944820618,0.0,-0.010012054763359453,76.59249889641022,0.0,-0.010001959795303182,66.27374840078055,0.0,-0.011078637294115894,55.95499926508957,0.0,-0.005672625044041193,45.63625089569158,0.0,0.001038510139146483,35.31750038372692,0.0,0.00013179965202877086,24.998750209264337,0.0,-0.002658777344796785,14.68,0.0,0.0
94.7,3.31,9.319999999999999,88.77640411075342,7.151677823939225,23.749293292065634,82.31946467547063,14.597176066793057,36.44490075871956,76.28323841144008,24.198044889552648,47.8074191963573,70.5681096071592,35.13720006246747,58.207033889743684,62.458270458807284,46.863717159531745,65.24491173176605,49.39788836671884,55.12610927639478,60.64034233863366,37.93881360913636,52.93687719654501,49.66533620676629,32.84,38.76,43.24
95.11999999999999,1.9099999999999993,-3.14,84.81735151694821,3.6988125823801408,-10.311984838957347,74.73373808356162,6.947621468826409,-17.278653853330155,64.70332931425385,11.448822862550342,-23.594842861783754,55.298260773223454,15.076399458761673,-31.284876272406184,46.6861776947455,22.132854656011723,-37.35477569244362,39.024718847294096,31.254284280403784,-41.69733127717341,31.30490860277173,40.29569253384382,-46.11347998325802,22.57,47.0,-52.39
92.63000000000004,6.630000000000002,8.950000000000001,85.18106559797953,14.571240150297855,17.755945885440862,78.53738577946585,24.237259102724906,25.407251535655583,72.48053614649471,34.59882210530177,32.62056779354172,66.80661948477837,45.027284109445716,40.02652506721009,61.64871989036994,56.1512964878366,46.721576904496025,53.43940427820469,66.8824829564635,50.517251771476566,41.1664029521956,63.72520458072007,44.787631365948776,31.35,54.88,39.79
51.530000000000015,81.50000000000001,-8.510000000000003,55.602756397530605,72.8965945680815,-8.386140067205067,59.717906510824356,64.32626140207698,-7.900125990112478,63.97879457076306,55.83973140377266,-7.2331028946959055,68.49082963769837,47.48404551784051,-6.565778603914028,73.32955463249685,39.30346474500936,-6.030880960807719,78.41054574779608,31.273688642640273,-5.458597108542511,83.59208025954815,23.338305319157236,-4.56271912356954,88.72,15.46,-3.06
18.469999999999995,22.199999999999996,-47.24999999999999,16.962710375485422,29.531647818829846,-51.31933457042645,23.249668366895623,48.35140424303265,-71.2579424492406,34.133537228447466,39.2094970436991,-68.35165122888533,42.688062365529504,27.498002534087576,-59.46871007858032,52.62436543807803,17.414117640670533,-49.140005212130504,65.41715277596934,12.558635131376423,-38.310591925008715,78.98068460055627,11.273825707421897,-27.396399964136254,90.03,5.9,-15.01
32.359999999999985,-29.829999999999988,20.639999999999997,40.74230804973604,-28.36990328744177,18.064954441829602,49.555877368060436,-29.06798945313351,17.123138125614332,58.39187516471334,-29.947954927069574,16.686222387814485,67.15269599874107,-28.928532621198535,15.60361859010422,74.67939240026801,-24.848613008787062,13.201428919032475,81.1042048903708,-19.544974011859203,10.101384475781744,87.383898434876,-14.29240741120757,6.630848748044118,94.48,-10.37,2.99
41.76999999999999,-16.67,29.01,53.55909348206651,-19.811497160571257,34.05193413938135,64.93370663324286,-23.40833100027578,39.70325732188214,76.03155521223987,-27.059499369236022,45.85434286184737,86.89554508067418,-30.553703803311524,52.47623912675191,99.6755022317289,-31.38086216528891,55.03253622847213,102.13527847906362,-25.150179472569576,43.83895736507888,96.34444019543669,-16.656185081399325,27.62723971155437,96.74,-13.29,21.27
91.62000000000006,-8.020000000000003,25.940000000000015,83.51585728870799,-17.33432500019079,33.60025562378151,81.5196171974548,-31.447995528886263,26.562311228168074,77.93068580943888,-39.92603144352341,14.271252763235793,69.68929877834317,-39.49064607209663,1.3388588616744972,57.99097202209617,-31.620487771617192,-5.123178339871358,46.01269018862438,-21.738015124026095,-5.854312572792354,34.358525091650066,-11.480592509883627,-3.146683031190204,23.17,-1.75,0.8
95.28000000000002,-13.620000000000006,65.51000000000002,90.36948327338456,-7.2294658851725995,79.91968187324846,83.03411151866347,6.352910152037475,82.27977404500504,76.73842910869732,20.111436412229168,77.50630149926495,70.71752324032839,34.204243795167635,73.44696612030546,64.95433307822009,48.437545601031985,69.48389298706232,59.84228061053061,61.984295880010535,63.04354816214139,56.13810686173297,72.94188050390203,52.191936090928635,54.28,79.74,37.96
17.43999999999999,6.839999999999999,7.76,22.913646886939492,14.629038539536191,15.953696231701443,31.23145828322173,20.5863289834258,23.33464816457609,41.033095418726944,25.389529918897676,29.617692967031672,52.363148669346856,28.71084485230255,33.9971031537889,64.94775696684545,28.889542817623084,33.69556072985825,74.46388350397473,24.32398484900013,26.87250829865587,80.39645420647143,16.15606956851267,19.307088158228787,82.99,4.08,17.04
19.899999999999988,19.479999999999997,-42.959999999999994,27.39684267625131,12.498430107810423,-40.020792283814764,36.07071529562082,7.067516215642132,-37.04794885997309,45.435853785570956,3.115965170527273,-33.84618964636334,55.08344611959896,0.452149770624897,-30.18543672096498,64.67231198711056,-1.1374994562063396,-25.8150937621287,73.86617829102572,-1.8525158727765794,-20.47339213612071,82.27082103660541,-1.8847098316480724,-13.921255549401838,89.42,-1.44,-6.03
94.18,-17.19,1.37,88.38784701453724,-17.2197907445236,3.9509568528780266,82.44508643770519,-18.398814802691398,2.301391434387331,76.95396998671532,-19.777605736662256,-0.4644702323386071,70.79621575403898,-20.654716675449123,-1.4030189014854155,64.706150415646,-20.731800259060087,0.2189085171465273,58.707121310931576,-20.603697907635322,2.1336053267182153,52.431854974276675,-20.832709718893195,2.1560702840393287,47.53,-21.87,-1.73
75.67999999999999,34.969999999999985,14.199999999999996,74.1559522253458,44.63503686738636,13.639705796764407,66.89699820449304,50.93061619870058,14.034947945875697,57.90712078429691,52.40080625605488,16.971035836669532,50.52189071643877,53.714993311228724,22.989756452429685,44.88759809392165,55.78907693554469,30.457332092824366,38.28032845536457,55.71914821411118,36.75625649760753,30.645277578575463,48.40727797773142,33.36065119605172,28.42,43.06,26.93
7.420000000000002,27.580000000000005,4.739999999999999,12.521263701774773,13.84076571781582,19.55248834794173,21.997377118562614,19.40011740204642,32.63986390307235,30.48550493814584,33.5909855091257,37.1454259764688,35.44928163313963,51.14753340392931,34.14126643071024,43.87519726372998,64.49357456300423,28.34073941640524,55.686306027385314,55.23582810401698,24.16900556246186,63.18901511126614,37.45131199513815,23.46519484908502,75.68,34.97,14.2
19.8,39.66,28.979999999999997,23.871597323936392,43.43922885465987,32.281111529544035,27.44930691725992,47.216532124174776,36.11368539403958,30.699105523956177,51.09484360222193,40.13302277933952,33.831217740886146,55.205381920912984,44.012160429868736,37.06242849165729,59.54292921622682,47.548744473281275,40.72241630567064,63.4241162806307,51.194151131545894,45.03037497313533,65.60974348092807,55.47671569930993,49.47,65.04,60.16
66.89999999999999,56.73999999999999,-49.02999999999999,68.99184873393983,71.46752625486545,-49.88580920230763,59.35902013946517,72.29508074757769,-47.11714854103633,54.13207267032015,63.70685258459166,-45.56271758471099,45.10644712183789,63.463830801617775,-43.54903336124646,38.5749629558921,72.47172473392044,-42.10210435604652,30.524497971355412,73.77210793119373,-38.31330874400252,23.91090654069291,64.11497549631268,-33.2113568049665,26.72,54.38,-33.27
46.660000000000004,12.48,-19.93000000000001,53.00125172741682,20.54151590412447,-23.14322050596425,61.5758864551453,26.239077678786227,-26.672688361015496,71.66614360180961,26.821778360562543,-29.49202151073018,79.57561569112822,19.332657669662378,-29.456431241220802,84.29688563435805,9.968429672168018,-26.881863892222327,88.19045156994342,1.375825197829651,-21.631707961294758,91.56410880892835,-3.325599202751005,-12.646617059572737,93.8,0.57,-2.54
34.820000000000014,36.05000000000002,8.46,34.43809519147178,44.08442141915248,11.8742667391546,39.90751039293154,39.88637014474586,14.8726704819557,43.67781225984492,32.70208316440121,14.912574885765723,47.926101558196414,26.054997425545878,15.612374023687865,52.76621571003121,19.909358441422707,17.065037472553083,58.182578424369,14.744049637214724,19.734929239511647,63.39992348271905,9.753495964721195,23.064822601609784,67.64,3.74,26.08
5.340000000000001,17.44,6.270000000000001,14.814550429745713,22.79749978397186,11.723518860813204,20.24266470210479,29.674478409077103,20.155974042687326,23.455500673359268,37.10584997823307,29.237026742399852,26.82189115833046,45.06044991456398,37.79933792080274,32.969836091084595,53.411749872870026,44.14358611324369,42.242170605740775,60.66491344765142,47.23344711515494,51.62965236189797,66.55474942448376,52.142307466889704,56.37,69.87,62.94
90.39999999999998,17.919999999999998,-14.250000000000002,85.0514039220001,35.21299150192013,-18.438686547872763,83.08326883424839,60.294179500862384,-23.735789857720963,75.31806264252077,81.2034565021453,-30.684521713415627,55.89232302281366,85.5722492097839,-38.00643460091567,39.56073087217605,70.29593904230542,-35.74819253984277,28.688177847748694,54.96750159697526,-24.438636062004406,19.845218593,40.908529577257795,-9.306797083986135,7.61,23.47,-3.58
18.610000000000003,43.280000000000015,-18.620000000000008,28.43622460396431,47.564292371076824,-20.28266647910328,32.87945777689242,57.4212361138838,-25.832398038606,36.923731225956615,66.60319630112167,-31.520209778357426,40.79629385171038,76.43874591284057,-37.873470401190765,49.41757620085985,76.36730206124666,-44.13446249464864,55.2388073696659,66.10210135702224,-43.21939150507524,62.29720766974976,56.808001645565156,-41.13657219682062,73.62,57.56,-39.89
22.78,-26.18,30.569999999999997,32.89251625571202,-33.974310810378086,30.86602536495968,43.6929000709879,-38.73909822911648,35.904892176309694,52.64520125263177,-38.87995773000314,44.92039576251054,60.59858812580034,-37.325490931124776,54.767495085548184,69.74333960053339,-37.06572532630156,63.737871032271975,81.11922660770765,-37.9932539210394,68.84207393071043,91.96821548408776,-35.60506417584808,62.004594671218925,91.33,-30.35,49.52
13.689999999999998,0.57,-5.109999999999999,22.013923157809604,1.4004889303922665,-3.4285574418003137,29.525124719722136,2.0405323440355727,-7.128701086134784,36.566451806149395,1.9155902091238475,-11.800193960513996,44.72724680083067,0.8314257054309185,-13.667765932353948,53.07655899785347,-0.39291649538797624,-13.423142797205333,61.47054179853102,-1.0063699909717123,-12.763584467858877,69.85479791477836,-0.10269149739940459,-13.228329152634046,76.84,3.28,-16.54
10.219999999999997,1.0899999999999996,-9.029999999999996,22.169211000086364,2.4044822343464163,-8.096104918678664,33.431591044819356,1.9252757078235132,-10.076358772782708,38.15781011068597,5.841302890199827,-20.577998893646512,41.23963340912281,10.408421126800766,-31.41841750597589,49.40275147833057,13.7807331649907,-38.881305557179694,61.35617293906871,11.24261982653527,-32.583302740087476,72.27343784608323,6.400815667481411,-21.12677055224658,77.09,4.45,-16.68
17.390000000000004,14.430000000000001,-4.200000000000001,24.03897150913382,3.3583196646367726,-1.2505728970979575,31.169480140478733,-7.186924963116214,2.4159204057955805,38.76351837911699,-17.195154791876845,6.617769328657983,46.813703886863294,-26.6765831139536,11.177011091299724,55.31802509170495,-35.65582193638678,15.924579244162759,64.18980481238228,-44.22384830791194,20.75883875084024,73.27048102610829,-52.54087128668472,25.643311807679776,82.41,-60.78,30.55
96.38999999999997,-2.3699999999999997,14.799999999999997,92.85327156627638,-2.026110269324629,18.460776799687835,89.17096511656189,-1.2251220436729087,21.89984764056966,85.36391431398692,0.03614125312907332,25.053216746206964,81.4597576164502,1.7646723914637246,27.84566686660211,77.50051741834226,3.937984774941182,30.21823866364946,73.52952004041082,6.439963441052662,32.21809114123428,69.56182813298544,9.150927952921357,33.9316114641791,65.59,11.97,35.45
51.83999999999999,-27.879999999999995,7.46,56.877604121820056,-24.73468399146885,5.963064040505423,62.081691819620175,-21.708763072784812,4.834903871240547,67.52120532407622,-19.01892613213234,4.005499196504454,73.2386822071697,-16.903573341539328,3.4166502648686294,79.15273823957065,-15.366085757074783,3.0024336838301555,85.08630664980234,-13.885341791518302,2.6681694389317743,90.86047191276788,-11.874475970541551,2.316149987120509,96.15,-8.82,1.86
90.61000000000001,0.45000000000000034,27.84,89.6442313760089,-2.1701643022477546,44.524153543871876,82.1200901628299,5.70487091799681,59.461883105809285,70.67300130298665,13.764814377736853,69.81329031298696,55.14887972869784,13.596179828410271,62.49606704959216,47.75446909859039,6.871811240155376,47.420942412776746,40.3239222325594,0.6530576900223022,32.822922267814405,30.492578591184632,-4.6101055808121085,17.88703846141507,15.95,1.91,18.76
83.71999999999998,4.629999999999999,29.230000000000004,79.91015654073118,7.985320614676796,34.9076765260561,76.25726483671792,11.7755369934653,40.41221008350746,72.71156798302883,16.113381604441344,45.57171224182711,69.24897934558874,21.098449030819523,50.17262028299403,65.86813209438489,26.713615765871758,54.051899332538135,62.5469426591069,32.758058609276716,57.28358473558622,59.234388742431236,39.055101223060156,60.00082673127208,55.86,45.47,62.34
88.88000000000001,-11.360000000000001,-3.8299999999999987,81.90342420838438,-16.078122106395167,-3.99792366875088,74.55068679853834,-15.704376119311698,-7.858787114267406,67.80288224239014,-12.974364650904688,-11.947087048358368,60.019057506389366,-10.694389588091626,-13.898197037732077,51.760051953155816,-9.963104601066252,-12.901781403185673,43.72234443295439,-9.716189413141333,-10.663383026075252,35.708379151654164,-8.97732616597216,-8.428859596225752,27.77,-6.54,-7.65
90.44000000000001,-1.06,2.91,87.33706583592851,2.1560766538090146,-0.18641969632925476,83.16874872170546,4.1966219438655585,-3.013503278805093,78.39568727765136,4.93027061822036,-5.50544612257882,73.45684581914628,4.4238091483624045,-7.715967967776477,68.6922851692473,2.782387606209213,-9.7509073664042,64.40759115155291,0.03294739405788383,-11.652851275733411,61.026099034871535,-3.8997540147413874,-13.27348836391971,59.12,-8.87,-14.37
79.66000000000003,2.1200000000000006,17.010000000000005,72.52456592310189,1.9979058271881012,11.273777283398442,66.54977627172619,3.765654197059088,4.546511725752356,60.325763488486075,6.5268891613964675,-1.5880716899867031,52.49550764857374,9.691875454830987,-5.107292503170263,43.65768670982765,12.099972006446148,-4.612888737142753,34.75237831929853,13.469121196392535,-2.9476417974276914,25.60312502027831,13.700351158472673,-2.5339282500673623,17.19,12.46,-5.97
90.82999999999997,-30.109999999999992,0.36000000000000004,81.35086258635494,-23.190653334260013,-2.52698518523309,71.91486266088825,-16.281620124409717,-5.57547041136456,62.577325557357376,-9.240862919048025,-8.625754564654876,53.39822137407193,-1.9298098767888991,-11.516884175820115,44.4148807751357,5.721329148523347,-14.129499682601352,35.59149435833987,13.649792815353383,-16.443245179043654,26.877703960302163,21.78001917733693,-18.45206980376624,18.22,30.04,-20.15
91.72000000000004,-6.060000000000001,-2.6400000000000015,89.41244434220687,-7.735988352836529,-3.5630750758896794,87.1930707722468,-9.593207456925464,-4.344651279022342,85.00587881695188,-11.530380544437783,-5.014966187370935,82.78463174931618,-13.453887632662276,-5.608221495811305,80.4682831408014,-15.275687218683247,-6.1571632037281,78.0655069908755,-16.990452778117124,-6.678711595153745,75.62689444092653,-18.65997599528401,-7.1803382630818495,73.2,-20.35,-7.67
83.74999999999999,17.51000000000001,-17.560000000000006,83.13906374794088,24.286029326082975,-22.245594632689063,81.83432365307794,31.41723274609464,-26.211660092217905,79.8399819722677,38.39379321268443,-30.165337127085493,77.05959638697975,44.71203890365378,-34.70419472446364,73.43409051944106,49.5699752166655,-40.32320068110092,69.19847604006775,51.855756405201646,-47.04097270066594,65.15260972606497,49.25697661154328,-53.635078680617994,64.16,40.97,-55.33
86.21000000000002,-0.7000000000000002,0.8600000000000003,83.45102969030651,-3.156436517884308,-0.2978428713920761,80.49909433041584,-5.030546506746282,-1.958339218949352,77.60868790523296,-6.555285642567476,-4.03325279271321,74.96861015811245,-8.02084881789901,-6.455403834236624,72.75810326701503,-9.701882685249492,-9.15233776144802,70.85229193343092,-11.66034625526718,-11.893347624356805,68.58599887621993,-13.71293885622405,-14.268025660028483,65.4,-15.46,-15.6
85.97999999999999,11.58,9.290000000000003,76.18850075294607,19.38694882728425,8.736436915290348,67.12653301073338,21.70569673142804,17.71039910626026,58.24748296015032,29.122329487041135,23.17795282973944,49.77026673633236,38.76055478914107,24.014804423244975,39.68505805505393,46.54835888216078,21.54804569764496,28.57683813324874,44.828921352667294,17.076868596468678,20.127272679541345,33.571714124175045,13.390137774278386,15.56,23.01,12.01
87.91,-48.20000000000002,57.65000000000002,84.51614247350938,-48.739983606082745,66.7718786621001,81.00413547789077,-57.00052851561507,70.08599163901795,77.71819931279242,-66.21319028939331,70.02163035914208,70.84160912489631,-69.94640889956003,65.68928060421194,65.86539563362051,-61.81572813828611,62.054302855628336,61.413553265816454,-54.04948269872425,58.868396704995284,55.84600332441592,-46.7914055645714,55.10434961005002,48.1,-48.62,50.6
86.00000000000001,8.11,0.16999999999999985,87.61753953515371,12.54137853581156,7.584117099925953,84.54031436749227,19.46795535694885,11.795399814546839,79.22517183725421,26.366421172263205,12.371208587386619,73.70477537961018,33.06973687174426,11.671443720786515,67.44612588069073,38.757290290474955,9.432733505628027,60.85186335646329,38.892612028453804,4.546064504111754,57.01760721966994,31.814701644309082,-0.8889161098399133,55.38,24.85,-4.44
13.85,23.75,-45.06999999999999,17.563792853821642,26.60054257414489,-48.73766672080812,19.664290832238372,69.30478651440134,-83.50727623160628,30.495803367838576,69.04931307155455,-98.36505134202824,40.18032684396431,43.34146625009179,-86.62619605511162,50.35086728568642,21.1582210382401,-70.1065135799207,64.7843989692832,5.33632716011516,-49.86776083528477,81.47977735070734,-5.718854434547113,-28.188544040146784,94.51,-23.47,-8.66
12.980000000000006,1.8499999999999994,-17.730000000000004,18.3829072329565,11.232643643885346,-26.190980479280732,28.416835476116255,12.991394972481125,-35.36967191798709,41.0564242088643,11.155128529263525,-40.33006008120868,54.40581675186003,8.460220508268902,-38.61495946314012,66.40341587889817,5.300975725554863,-32.75843878411633,77.07073097144352,1.5948453800894464,-24.958798080616013,86.6459337749394,-2.9975047559788015,-16.263594157233342,95.11,-9.33,-7.52
93.09000000000003,7.400000000000001,6.500000000000002,87.79037171529377,13.951630382307972,12.141052592327949,82.13308732115638,22.323919384698588,13.554106834638423,75.9889948125217,30.35291671151879,12.621749630870022,68.42684490721464,36.28636466354939,9.126869783771413,60.669351312803656,33.97914225796087,3.1044682904976124,55.630738451462776,27.2796271025094,-2.6604736230614967,51.87841489166158,20.00413949107297,-8.711377515288117,49.1,13.58,-16.1
56.46999999999999,65.91999999999997,32.010000000000005,60.63274148694171,59.841299620703545,42.460426317434134,64.48525759088602,51.513580427634686,51.36213080977818,68.25302306852208,41.79317670101111,58.76270008142232,72.27927453257492,31.41955176673004,65.05809508104338,76.85722787698678,20.831244301620767,70.57034941175036,81.7974922935286,9.807819229445506,74.75702098024436,86.64281506413425,-1.8682113996440206,76.6574858841085,90.77,-13.91,75.44
70.73999999999997,-6.190000000000001,-6.749999999999998,64.4251888114105,-8.040278256645333,-8.602178987105166,57.938771343625234,-8.744894889741843,-10.643212611544644,51.286924225724825,-9.09086864061166,-12.182120686921845,44.50025690267959,-9.853365210039843,-12.466785724116349,37.92910097357353,-11.234773844694269,-11.182056287677842,31.632065115049862,-12.533175659144954,-8.859097054585614,25.46261701561427,-13.048719392919,-5.959058026092197,19.41,-12.0,-2.96
5.459999999999998,0.0,-6.454979771814268e-19,14.536218713142878,0.0,0.027066635584096676,23.612475090928946,0.0,0.03405915828009704,32.68873171967376,0.0,0.027400319823608438,41.76498016691569,0.0,0.013513100728242444,50.841227346106415,0.0,-0.0011795213317949893,59.917481880057245,0.0,-0.010255087296509313,68.99374094616707,0.0,-0.010564492811710693,78.07,0.0,-0.01
31.740000000000013,14.0,-33.240000000000016,37.36364364057916,16.74738764266463,-33.847108335098284,42.55293839344054,13.799705378850605,-35.44275342259362,46.173387614830425,8.85987276461875,-36.519557549853126,50.06911339904872,4.012094173656229,-36.580556388338934,55.07937664048438,0.715697406764845,-34.94840353120443,60.33741459981285,-1.3250966788330665,-32.33117260028014,65.43404618256315,-3.580213519896482,-29.5728816517989,69.85,-7.45,-27.53
69.84999999999998,-7.449999999999998,-27.529999999999998,73.7202249538401,-6.658844449418298,-28.798236007092154,77.53332989856207,-5.740369193048615,-27.564997819047274,80.17539982278899,-4.906534840136161,-24.527073882069814,82.31103739397797,-4.044428142358192,-21.1147012985346,84.69186898654272,-2.978808412807696,-17.929599320660962,87.41778159258541,-1.9505150989784683,-15.02145761505328,90.1513391724007,-1.598941786454879,-11.963944734290365,92.27,-2.57,-8.57
47.28999999999999,9.899999999999999,-28.510000000000005,50.31290137069904,7.017421629509597,-32.9401249080122,54.314150326957865,2.734257074132296,-34.34192595826662,58.40723659657374,-1.375987129565933,-32.778762986460706,62.637157198356306,-4.697989338509215,-30.067169021099783,67.73939787679308,-7.019631426536495,-27.79786573425628,73.70394777227024,-7.532046336782,-27.92365625138467,79.52276119128962,-6.044580385249816,-28.424162017984198,83.54,-2.96,-25.15
3.3599999999999985,16.519999999999996,-31.81999999999999,4.879529483244785,23.464859879485374,-35.614113045184084,9.529004003919447,43.97551104694352,-53.259080862651615,17.86244947090498,41.41689598522377,-62.562556550983935,25.277461351467657,25.462555483021532,-59.792594065111615,33.2460981258247,11.423669830475962,-53.87861253073274,45.912790422596494,2.5783709057125916,-45.89391476655831,61.641033489329985,3.8655447134328567,-38.97968601472867,77.44,-1.2,-34.65
35.009999999999984,6.829999999999998,42.36,43.94089145569502,14.91181841702465,42.37521220041336,53.728964101551576,19.33745894459549,48.24997938322753,64.20619106881483,18.852330985524237,54.03240611752306,73.17541891469263,10.94769629400025,53.70663137342411,78.40139355835525,0.04174745199848895,50.03664240462352,82.59068344059656,-8.857170150770207,54.83744590102088,85.0310575978724,-10.928447395573077,69.16958133822331,85.23,-6.23,78.84
23.25,-22.390000000000004,28.740000000000002,32.7912058611837,-20.84888732110477,33.9378194530634,42.56590671834208,-17.873910687859805,37.94404117132769,52.819502996641255,-14.538798940746839,39.98959533072113,63.44670041616252,-12.038720532104398,38.91052633577597,73.423547580437,-10.816024883984584,34.50383293286516,82.09132548510955,-9.814613990053408,27.846849099557584,89.12420342629264,-7.956586204850328,19.627883975586837,93.85,-4.07,10.52
11.850000000000001,0.8699999999999999,-3.549999999999999,19.359429806718172,1.389297157658683,-7.716150765154669,27.539325644433124,2.1460918564130775,-10.272714408045513,36.04495985918941,2.4895002397354595,-11.519604691974383,44.640319084196754,2.1582745389117424,-11.691435178017873,53.18151317079918,1.455478106540738,-10.933910759547981,61.612561808106676,0.7183814238340464,-9.386642540975624,69.91316241967252,0.27750402671276053,-7.167230311710197,78.05,0.48,-4.38
32.46000000000002,15.270000000000008,-41.39000000000002,34.935253261651404,12.755910680480074,-37.27873799612511,37.55111315668494,10.25860029066357,-33.24499726015495,40.206427720974084,7.988537135687073,-29.104296959105255,42.792682765070914,6.153375584301386,-24.711861645140946,45.44303450351544,4.6855968945464905,-20.220362701846447,48.66221911755362,3.1634956882678846,-16.138749028680575,52.84244205299054,1.2041815906096327,-13.31111158374786,57.64,-1.21,-12.52
83.32000000000001,13.89,10.240000000000002,78.1474563501379,20.327966082017177,13.199183432432914,72.62428688073422,27.128326303766915,13.814266087899465,66.38961261600218,33.17412517260534,12.521588862314449,59.13256889950969,36.459429796018966,8.878118377365535,52.116738643243764,35.11044999917185,3.7687406583883267,45.825003117814035,31.210773364903908,-0.9452659940952481,39.67580430889359,26.033415295891498,-4.483898043754185,33.11,20.31,-5.51
84.49,-22.450000000000003,1.1,82.50102670483734,-30.94035615686157,5.361781232106648,74.32658699844816,-39.02913463684986,9.66520434887907,64.65723929134401,-36.84284957471332,9.418774107106552,56.172445806072716,-30.3775011906133,7.508285895595231,47.056680988044256,-24.919486617366893,6.765995614313203,37.29102447373024,-20.545060917306486,6.731670671028195,27.790312564705577,-15.771571674535407,5.554245037993417,20.41,-9.31,1.33
88.15000000000002,-4.47,83.77,85.23511476628578,1.0173560615216828,75.30107244661505,82.02777610656305,8.541101171878793,68.71509998987162,78.86253907389367,16.77216875365041,63.012463874782384,75.90629103552816,24.71855174606552,56.81503711224897,73.12345527003984,31.91578049421266,49.691602496420295,69.90909954314643,39.23073385113178,42.87619995163298,65.5120243162745,47.638193129281454,38.39622561576435,60.05,56.62,38.68
92.45999999999995,3.7499999999999982,14.409999999999993,89.64922627776171,6.784430672271522,20.782253524842922,85.19167125411778,12.549135778017991,21.649254760877906,81.37735859489884,18.373831598218803,19.102522918936398,77.91177237859426,24.65070023121455,17.21008659694061,74.66774210738188,31.28399071040451,17.838312469260224,71.06964874147725,37.59051348690997,19.33845163590715,66.00147858234402,42.95935314940756,19.084713787785397,60.23,45.38,15.02
99.74999999999997,0.5,-0.3699999999999999,90.49044038516833,3.0716980503536893,7.872059980321628,77.04950285478866,4.684743981950838,-0.1613412573283534,65.78346873097985,5.513794958262315,-9.061458862501514,54.155118494407276,6.0333344629180345,-17.91537263221645,41.149902568815726,6.208668025912372,-26.250586356447307,27.583752603062248,5.0288047755329055,-23.121906036219823,19.341952558640873,3.2846451960823058,-10.85976971813078,6.63,1.96,-3.95
47.15999999999998,-18.179999999999996,-21.929999999999993,48.95688271505357,-23.107524607137645,-14.743440196482771,54.8299029532019,-28.746618525831614,-11.275630189589737,61.61148900663026,-32.97115571004658,-7.460399388906611,66.38198226386922,-33.9346749943339,-0.035957243789177536,69.4560209786039,-32.229238499532926,8.103209698697142,72.8418304667182,-28.410593915474028,15.346339759315105,78.59213061804088,-22.34317326931521,18.098284595068264,84.91,-17.75,13.5
52.15999999999999,16.860000000000003,2.32,57.02935952964887,22.417213747881217,7.44633009010578,63.96076487960943,25.37506116783118,12.514088517680445,71.65142800956627,23.83983422226055,16.859223636892413,78.26332245531671,19.075701816821702,20.71059453009202,83.4716557912158,13.03771011155366,24.915348293385104,87.82631267531322,6.415555594620505,29.23949960885773,92.6545847825419,-0.8984612172600608,28.43166876260606,94.8,-2.13,19.23
58.15,57.33,34.47999999999998,61.28926107466586,59.066123767292545,26.305742921261007,65.56146758364636,52.57352141998295,25.476372124256958,68.32221267015329,45.17546004185127,27.400789611321418,71.17675128268479,39.28668802231125,23.228121333165333,72.733041566083,38.41138296263448,14.963700664173366,74.4867750485604,35.46787916434087,7.879550394422056,76.62817048497911,27.994334602412028,5.362370057305412,77.54,21.15,11.11
89.84000000000005,-8.020000000000001,46.34000000000001,81.06527992620039,-4.124119236712382,48.68617207347184,77.44662953261077,3.7295197054171614,53.75526679391566,74.10685527433702,12.592751525677556,56.700716122371276,68.41890235217372,20.674954735031097,55.24127076137356,61.599263889603726,26.500918740292573,50.90299024151289,54.22446837314263,29.847361207665145,45.08416854659926,46.604190474655795,30.025001185680203,38.655300651226675,39.62,25.72,33.01
46.63000000000002,-17.41,45.54,52.00536635867705,-10.586420838821551,47.02330026842322,59.21939258977273,-11.901676453232422,52.333933308720376,65.68603777584444,-15.76619720435352,57.173580930722956,72.32726603627206,-20.191297423206898,61.23501964298208,81.00775173019879,-22.817056513199375,61.95369906022176,87.62385693331441,-20.221874076722678,57.21644038720249,93.91407688890061,-17.36993813020212,51.63390921098284,95.89,-24.64,57.81
18.189999999999998,-13.319999999999999,-6.909999999999999,26.61743987701404,-18.21850921397579,-5.559378400539057,35.05054255340487,-23.290488689060428,-5.5135511368547165,43.83182059109648,-27.426928327793046,-7.09713385501094,53.00311126952534,-29.582244345937138,-9.953758068209499,62.49991815158835,-28.793756396094693,-12.40257254410482,71.1595663008533,-24.307030004602375,-12.361735604846858,77.57882040350006,-17.267577224115843,-9.277538830153025,81.71,-9.85,-4.45
94.60000000000001,-1.2100000000000004,2.29,92.83211958278928,0.4726965930512923,15.008157072855267,86.62903006767478,-4.976384397276089,26.613502394113596,78.36954102458046,-14.410254198101992,27.425123509615133,70.28660147922365,-22.193530949412217,20.05350473941746,62.25743859828347,-23.453793240586286,9.71254016383557,54.51662531049752,-17.713827586993254,0.734435109828021,44.69484903470648,-10.875570010143166,-4.918724399264097,31.53,-9.92,-5.22
78.85000000000001,20.540000000000003,11.39,77.29337035872089,27.04163184180506,10.46765186420515,72.93381854101986,32.1877928158284,10.58013423045175,66.99445537207181,35.3839619325088,10.773081085274814,60.329391361126426,36.201984807531794,10.090143957199107,54.14964721348732,34.47693660211658,8.016861663584097,48.46377439031231,31.753076474421203,5.6343198379026145,42.21224241606329,29.59091032647743,4.217812695705281,35.8,30.61,5.89
21.569999999999997,15.129999999999997,2.869999999999998,23.29058241880273,28.072550615595038,1.89998803840294,28.686233329257107,39.82406811918392,4.924344273250549,37.60725995911422,46.518429397854554,11.595641853058016,48.24702855981913,47.398355156625364,19.221873261482443,59.396099264097316,43.87476010900187,25.11282041584536,70.26491867894158,36.76634367090145,26.212291444773467,77.99892767475951,28.46691617066596,19.488730121583558,81.11,22.49,8.24
25.68,-0.1400000000000003,-2.1400000000000006,34.825073387439076,-0.7159597073057143,-2.5021483710095116,43.931564173633625,-1.7930799630124923,-2.5942877874481365,53.01730266529554,-3.033718706920138,-2.514282953808562,62.122211208752404,-4.115858693870389,-2.35319680640244,71.27226635752443,-4.70704060165725,-2.201241118194299,80.43882238382548,-4.449702810007351,-2.153488635147563,89.49099461699792,-2.991686188891168,-2.3068880987244573,98.18,-0.09,-2.74
90.66000000000001,3.9800000000000013,26.97000000000001,82.88191265903161,1.1005862330503209,20.819749719778173,73.7330105682377,0.4705980111266363,15.983658908629865,63.8888744198627,0.7647069359826023,12.805635994677665,53.56875470539941,1.555318933919001,12.346661018268854,44.281537410678204,2.347568410184599,16.69932330360469,37.55076629051961,2.4324135681198693,24.614126267444004,28.474390862972808,1.067904871996973,26.90305095386787,25.14,-0.16,14.3
71.73999999999998,27.2,75.9,68.57287151427549,30.511173272177913,73.41320780807624,65.26483912768006,33.46091895444619,70.6683413116469,61.85888885152974,36.09421146253874,67.72832091027595,58.38778410672019,38.471074186583905,64.64929195200561,54.87404877779653,40.655960728074156,61.477792580448785,51.31959799504495,42.646867314114346,58.225003751956,47.715128094272245,44.36870952758625,54.87515323148032,44.06,45.74,51.42
89.33000000000001,4.179999999999999,11.930000000000005,80.07473063173285,-0.8379907172635492,8.113330050148248,76.49270980264043,-11.23454782642838,3.7547076559314285,69.04849557817343,-19.515979016449887,0.9063723671422179,57.8354834049552,-22.693959163428786,0.01964469459817002,46.2551336689518,-21.985840969704462,-0.16153833923466235,35.2733762913692,-18.179625138410987,-0.5553391719990933,26.23581475299124,-11.04425131195899,-2.120176786711524,22.27,-0.84,-5.99
73.85000000000002,0.7200000000000002,-12.400000000000002,66.4543694246884,-0.49258157849809175,-10.322738384768655,58.74161071914603,-1.0300801500743817,-10.990344131439585,51.27742825776509,-1.0916026353375672,-13.133530136175342,43.823087483113284,-0.9955286339802276,-15.306481331916189,36.093061963951676,-1.056853501301548,-16.0488657382442,28.41764653916128,-1.1462989856299244,-14.890155322869925,20.81520172579853,-0.10003617599591896,-13.692336629359222,13.95,3.37,-14.74
72.09000000000002,1.9000000000000001,8.709999999999997,64.13815774005218,2.0869468938976583,7.35332928535305,56.07696139508722,2.3663042517415716,7.944096882044937,48.06591911816488,2.7468203950725676,8.931964898991383,40.02150409913222,3.2734431006182594,9.33449705509728,32.13515557368748,4.043295897626493,7.682706358326754,26.14999853023335,5.057785455896654,2.3721060629734705,21.14024485695293,6.661114959590259,-3.7441814099524953,13.94,9.59,-6.03
84.63999999999997,-13.699999999999998,-0.12000000000000005,76.13892598176685,-16.50961843934775,2.237530743821643,67.30431179926151,-18.132747365627033,0.10168624816638475,59.03606967144878,-18.577184716505005,-4.003539769028447,50.59982832915078,-18.246237784170116,-7.764927439237036,41.632625978731134,-17.316564767085275,-9.799820893612278,32.520055259711725,-15.833837929766291,-10.229543432196872,23.53104003950524,-13.824788096473348,-9.46714703681589,14.79,-11.27,-7.89
26.910000000000007,9.120000000000001,-16.01,35.37682169948334,3.2919240272599395,-14.04444457594833,44.32223446208577,-1.965612425959747,-12.680061579627242,53.67933377799544,-6.464582532297223,-11.365753815411328,63.37982167486537,-9.961212922040001,-9.579162053599882,73.23276727243466,-12.12190201090141,-6.788939307532174,82.79443355673615,-12.599361240920915,-2.574118035116142,91.71435493873327,-10.966067255860882,2.7473311735052426,99.25,-3.86,2.42
65.2,-1.24,-1.03,57.32058695882638,-0.8316454499048517,-0.3785703487194031,49.41203361927306,-0.5707580040000142,-0.1276564112823577,41.496390458580606,-0.43466295254596277,-0.10977628512960182,33.57977447483815,-0.3999369030305617,-0.1570604575485108,25.66297953850723,-0.42458281037944196,-0.15657599120427138,17.746254977510937,-0.42530855497205844,-0.11508112177209052,9.830440707180621,-0.31325602983540735,-0.05530196124758295,1.92,0.0,0.0
70.52000000000001,-17.26000000000001,9.889999999999999,66.41867994747493,-12.846641565757299,11.406473392570796,60.233866864283385,-12.536514573569937,10.457486480486798,54.1647817770866,-13.580718755090802,9.523846724648282,47.97275315537707,-13.733086960008247,10.302819360870755,42.247382397882525,-12.673856031109313,12.60548269660633,36.348689085893994,-11.75193625570383,14.36266551927344,30.17580845994905,-12.282027671195618,13.538031031048849,25.5,-14.5,9.9
35.58,10.460000000000003,-1.93,37.13946704409152,18.320260768944184,-2.089725751289237,43.03505980888281,23.41918168228941,-3.3984833847274034,50.77785261247412,24.497292671967983,-4.397091588824458,58.48317596168165,22.685905384882055,-3.7551521393513045,64.23277781803195,19.056695297962275,0.24952540516227117,67.43626508467273,15.160147866204577,6.3135731864697515,72.45656508526204,11.405974828716241,10.981339349546468,79.94,10.63,7.88
76.79,-5.789999999999999,12.139999999999999,75.27807103044957,-5.904911017063543,14.92180530793922,72.48732449861296,-5.0228831429895475,15.995427987781593,69.83713190285216,-3.8207257968163475,14.95307936696278,67.31948792887592,-2.836039357348714,13.409499836860585,64.55997814295634,-2.205806552169361,12.129160618067774,61.625509332619934,-1.7030432960172168,11.23365812807599,58.661635473432476,-0.9471496086294574,10.679775598603086,55.87,0.39,10.39
97.24,3.7600000000000016,-4.089999999999998,92.38693845785905,9.675812629035857,-10.338092702199223,88.76893336409901,15.921609539223462,-17.08276694865156,85.54620269684523,22.287763674023147,-23.915341405505103,81.88709134689887,28.65353966567855,-30.522385189341957,76.90790559866004,34.79315121763781,-36.44995159777252,69.97871739846096,40.17451398315849,-40.98467615730699,62.32321857344521,44.75354994218816,-45.23309226527283,56.51,48.99,-52.0
16.119999999999997,31.72999999999999,1.4799999999999995,16.344496146466494,43.93540221393393,-0.7112696176367942,25.268117561331856,51.3482456124991,-3.69947420837063,37.31561702284643,52.179135297610735,-4.86112430199482,47.50731396795861,46.90218863273671,-1.2184011387457334,52.4628938066754,38.39949878464814,5.79282401263581,55.839484960867196,28.84910501519382,12.403095952129812,61.51619253977704,18.677330666304773,15.492198208349421,70.83,12.27,10.96
26.259999999999998,34.910000000000004,-63.14,33.25672754514421,28.886462157051856,-59.369908014580645,42.704345724549896,26.858530359775813,-61.09628049314205,52.42366552954339,25.495921469288596,-62.5105681865618,59.982136814743974,21.48830205691795,-57.6032360959943,64.34221052301677,16.956916636078894,-49.995984132615476,67.9385973669813,12.655704582186225,-41.85892477192241,72.0481769546174,8.831942090743842,-33.66963598902795,79.08,6.79,-27.13
63.20999999999999,26.919999999999998,-27.979999999999997,64.82467100873421,20.09863576245428,-21.247021365013183,66.44293229277174,13.412621859070162,-14.380463172192233,68.11194704754453,6.839097811330061,-7.418111232627888,69.8790714936129,0.3543758658458185,-0.39694140882425755,71.77824727333731,-6.057663691962529,6.656430358848765,73.78015293578929,-12.377541470112106,13.764361969580783,75.83682331567876,-18.575266197477738,20.963631934906683,77.9,-24.62,28.29
97.17,2.4899999999999993,3.580000000000001,93.67492192765617,8.081405899871152,2.6856816974971527,91.93638044732994,12.817196644293237,-1.6782972366386963,90.94139298557685,16.450882139454013,-7.174374889307003,89.65919120284994,19.7624724458041,-12.81773286051887,87.76119582787508,23.43673103836715,-18.047812934978953,84.94860499578613,28.322561169298595,-21.527521411593916,81.64701337216232,34.176523106505925,-21.26255591681426,78.92,39.4,-18.18
35.84999999999999,18.349999999999998,5.6499999999999995,39.7036121300831,13.568377951514554,5.86385057370535,43.6451737360347,8.871618884538446,6.269448203685588,47.67340854638459,4.265565795300157,6.8329759386652515,51.78851885485895,-0.2458600813028713,7.520630209757917,55.99089216205219,-4.660673572233627,8.301299710315098,60.275109720428354,-8.981444828653705,9.15942557789636,64.63376398057255,-13.212821759233908,10.085463733405593,69.06,-17.36,11.07
93.18999999999997,-2.6099999999999994,31.37999999999998,90.3881603350814,-1.2569070078779276,39.05938659226949,85.98003635840655,3.851975887654386,43.8391654138212,81.13651945430058,10.384276029888763,43.91519667220965,75.68041655025532,16.373246029165333,42.539215841981004,69.14432648717579,21.23350805988577,41.64735163705602,62.0373195128127,25.009397395810268,40.07765193759156,55.32068515721774,27.68974768250386,36.22860637239469,50.51,29.19,29.74
52.46,-4.9,-28.150000000000002,54.14971656403934,-5.238805278457761,-23.993866233254593,57.52159450151818,-5.295915676906487,-21.041505418421476,61.72167364481622,-5.156192115927515,-19.47156243608236,66.10584841838595,-4.9872554667197315,-18.531230097962823,70.47658130147607,-4.910711371679646,-17.518345567220177,74.70743437439381,-4.833864740853032,-16.025872804431664,78.65572620164414,-4.41146849875695,-13.937000495568839,82.11,-3.34,-11.28
100.00000000000003,0.0,-0.010000000000000004,90.15624955174741,0.0,-0.00914381647411638,80.31249912650713,0.0,-0.010232900465000421,70.46874866994543,0.0,-0.010987528323712673,60.62499835698584,0.0,-0.009144533297253865,50.78124911432977,0.0,-0.004197995997687627,40.93750003853597,0.0,0.0010701470601447416,31.093749857175922,0.0,0.0035170830840738254,21.25,0.0,0.0
28.199999999999992,-9.440000000000003,16.290000000000003,35.54242544770049,-9.744314513899951,19.119076150771654,38.08798133427135,-9.836076430857775,26.988110637258096,42.01069105098108,-8.450420227572074,33.5548335728123,49.68848006739821,-5.353167521803303,33.546614554966744,56.96390586019166,-2.9791814345474523,31.110115487347777,64.78072154610963,-1.6620156472003182,29.34058675696959,72.57086834121431,-2.730361521047225,30.747118866832594,76.34,-6.69,37.08
28.47,-22.329999999999995,32.77,34.88272815731392,-20.340143322355996,38.748429260861926,43.00281916840882,-19.31134262321789,42.49131799617426,51.90765368992189,-18.269150364252443,42.89979800097118,59.33571457324072,-16.51873299200017,38.134283909018485,64.76693191494233,-14.561046547556119,31.245477058928717,70.36324557444593,-12.639896926783551,24.461788995620342,77.80023349035982,-10.994610896209998,19.729254282785533,86.82,-10.27,20.11
33.37,34.70000000000001,-27.2,39.09970770309159,34.77352407364058,-26.612941689212615,43.668196302934646,32.20485235192302,-24.298552746094057,47.096444128893246,28.920467739896377,-21.074977183825737,50.50354078200511,26.357087992539324,-17.231537569033833,54.65708092065078,26.26092122120588,-13.280787473041444,59.05075537124582,27.523555990353923,-9.805718210408997,63.5880910191206,27.480635859183288,-6.327880993411963,67.11,24.02,-3.31
99.16999999999997,-2.1100000000000003,-1.2899999999999998,98.39886723744056,-4.741748982408359,-3.0327860574354544,96.59197218318599,-7.146529626866271,-4.254157850585009,94.33654573566307,-9.26732678269576,-5.234661023475894,92.04156637124278,-11.276097666481405,-6.350080336846311,89.75875198321654,-13.207320269256867,-7.617117506916922,87.35732317114997,-15.014944058472176,-8.846651190150965,84.71997334614011,-16.635366022932967,-9.828368343091162,81.81,-17.98,-10.35
23.570000000000014,25.33000000000001,-28.38000000000001,30.496611490877584,28.032278671472092,-26.283789733926884,37.67222850900784,26.532315741579314,-23.82226809378461,44.937885761803,25.14308753804114,-21.665275029914937,52.381671223886805,26.223045254868698,-19.8417302245736,59.47600244984468,28.279556131211315,-17.56700791141869,66.0436879077782,29.56572668500563,-13.761121745612233,71.09792193408794,28.385625116366654,-8.002505158625329,73.72,24.71,-1.69
37.10000000000001,36.70000000000001,-26.820000000000018,42.079330210217485,36.293588201778554,-23.614491294278313,46.984465742400644,36.65630520917317,-20.29152346769233,51.91346142425389,37.173381525139646,-17.024835869646406,56.99400916709135,37.23787689231903,-13.956051644946463,62.117790999036025,36.51415587741259,-11.047842119827488,66.97921630338,34.9561603818719,-8.019229459979671,71.19432630242139,32.53815903023534,-4.6111184469862705,74.31,29.35,-0.69
31.33000000000002,39.56,-16.350000000000005,38.05093851014813,36.00561140384855,-14.313770236069509,44.19313009604147,34.96513074535147,-9.546546365976486,49.839508872604156,34.55073524411283,-4.101164726415106,55.901098734697044,32.6157590667075,0.49679925604398883,62.033742057335616,28.85393336417675,3.6471451312211456,67.83008700015857,24.19031076567889,6.162505891023447,73.22083043091389,19.169369356884815,8.8867931106443,78.03,14.32,12.76
70.04,39.23,15.509999999999998,72.49405228847765,32.92813250671853,20.116028415422083,75.19952968505046,26.432239663119375,24.291547089299208,78.07721851202744,19.853297121083507,28.214261594344674,81.05533264930608,13.282964835168197,32.07597561382202,84.08264395941113,6.786447475620194,36.023368585723034,87.16534612198491,0.36257779081548924,40.04606790455951,90.32168508878955,-6.004263992121782,44.10218845964095,93.57,-12.33,48.15
80.60000000000004,6.22,-10.190000000000003,76.17871522281177,13.831124493965273,-21.890067823812963,70.48944110366651,21.30537011544483,-33.12150080119389,65.08634363593117,29.222522153739558,-44.18859453249403,61.030686979016664,37.848540545868985,-55.3068524230054,57.313552691571545,46.82729952600181,-66.19263945668317,51.83505851612267,55.90530166458865,-76.47016493073424,39.05851098236181,61.0924837193834,-80.57652212210135,26.09,57.49,-74.18
66.44000000000001,20.550000000000008,-6.670000000000003,70.0602204766536,21.98991324820851,-6.1748016611083,73.5753715630686,20.312790157466644,-5.690850058484355,76.51570219061372,17.707249511569596,-5.410240559758281,79.93980188490063,15.873139886993558,-5.345993371617853,83.88724875004038,16.43012589103213,-5.546403801755017,87.59675030189186,16.382027742779922,-5.28061974262422,90.15223853253555,13.141138070072886,-4.175909012028224,89.37,9.25,-3.25
90.95000000000005,-45.22000000000001,78.31000000000002,85.22206678492098,-45.04092032635648,77.30178117057753,80.08834178605346,-47.57004358542774,78.2420462106671,74.91701611335485,-46.661238253607145,75.62275095901255,71.43125451710881,-43.954193468827675,71.77081985805067,68.31469567050938,-40.987783680119996,67.80266999378492,65.17898951235412,-38.041313646565534,63.879803894157334,61.38526925009144,-35.39701994738627,60.107743260108435,55.92,-35.43,58.64
85.87,12.130000000000003,14.48,87.54630328685053,10.370691385150952,13.296697282275405,89.24048251802925,9.373958368433431,11.446943009625599,90.86639046648483,8.707033722043635,9.396851393065962,92.50450122721918,7.825175748008951,7.438439919521463,94.13341559849349,6.274077805067365,5.946517748052706,95.66121883127794,4.376763342525592,4.7814035433968245,97.15053689722978,2.5566112696483194,3.4541802806608293,98.59,1.31,1.54
98.96999999999997,0.19999999999999982,-1.5599999999999987,92.8690868966814,0.8907832786808041,-6.724054842870065,84.81112842516367,1.4108880029782667,-7.267926208903716,76.78191062193773,1.8113601612568322,-6.771274079058311,68.7521119988597,2.1821943096754928,-7.486466580207381,60.81989858084355,2.445795949370895,-8.934715340029756,52.78792779895152,2.4921489427479777,-9.646824424456604,44.83821521457018,2.247518309455394,-8.292090387834996,37.66,1.76,-4.61
86.19000000000004,-7.470000000000002,-13.670000000000005,80.69853367486765,-7.877431792734113,-17.725986968484406,74.80972948971558,-7.502357647158412,-21.183528617052247,68.586241338594,-6.629351919557838,-23.881379609654214,62.12846717837153,-5.564991809308293,-25.865547297610867,55.86372134814133,-3.9937440639330464,-28.11450983121706,49.3853051695258,-2.4275446772441196,-29.646731483653546,42.67778395504867,-1.1051184202584772,-29.456459751623665,35.88,-0.39,-29.23
83.62,12.610000000000005,40.25000000000001,79.22089314558136,15.932223334729587,49.409046559709715,75.18239783660061,19.196624932732295,58.798947973154526,70.7087476952845,28.29599586174559,62.0845917295558,65.60464842897292,37.66648033336,62.54535316924489,59.22716693361462,45.907494081049485,60.28885294358421,52.44158207213122,44.80406348630944,52.03635110901622,45.89701690253915,42.10069435135056,44.03908259236848,39.11,38.87,36.43
84.82000000000002,-25.280000000000005,23.750000000000004,83.03563545760991,-30.224872275209986,29.77627340459872,78.87633380472418,-35.85332103735722,33.7110587747719,71.47837196104577,-38.46207657646321,34.88016436564901,63.45744481158331,-39.12091409926595,35.71192179949263,57.250822294717516,-39.112675352097824,30.83445802418162,50.19199028127475,-39.27616144850892,27.081001210906635,43.28225583308889,-36.7931403654753,23.943022835836256,39.27,-32.49,18.54
82.54000000000005,21.760000000000016,15.210000000000006,77.50649371945079,28.77868214981534,20.41119459303483,72.85125547720705,34.96404011076543,26.866860619376983,68.21306441412833,41.92963549495647,32.492425513249785,63.01270297300654,49.83075177088985,35.96614050974607,57.57563300967374,58.00223499778535,38.25779304319297,50.34055220385335,64.21032464238205,34.96179961469118,43.00468510971382,63.54900397177258,28.068235763381786,37.37,59.39,20.82
84.80000000000003,17.679999999999996,-8.970000000000006,79.96414539197924,21.465202848627296,-9.8847997897459,73.86965211630493,22.57166183383394,-9.439783270806032,68.14431302948643,24.8801192943989,-10.102328395434332,62.08781347734768,26.23787641096377,-10.255160796256494,56.39454196344109,27.435409033675352,-12.406515817962223,51.562432587410555,26.103549334807994,-16.077646590826657,45.58570402339679,26.15998112478958,-17.751859034764227,39.54,27.27,-16.88
88.21999999999997,1.8399999999999994,17.129999999999995,84.62743633098023,3.5917339585502646,26.982099047651012,80.07820779922535,7.554846744553506,35.74008200982344,74.26590368874054,13.686929849714529,42.180849896917834,66.12648991574397,20.397935202196628,42.88464602467662,59.13509317901249,25.802749038848567,37.00148970414842,51.9962416021326,33.65901443572718,37.95536372137126,45.02309852282951,40.710737637428814,34.11621105380442,38.27,43.26,26.31
85.26999999999998,3.098047269634736e-17,-0.010000000000000021,78.848457051988,-0.9439118594854397,0.13471825727950698,72.4237318997584,-1.2425701178356503,-0.7509076050580696,66.0968685496436,-2.269870333919433,-1.7834195174020682,59.82299169953861,-2.769128785996045,-3.3763084095528693,53.509197132555705,-2.762454898981279,-4.888847885600242,47.32619323698682,-2.1853283479687176,-6.783760246480873,40.95128311084819,-1.2917487218077452,-7.624231250208964,34.52,-0.6,-8.18
85.42999999999999,2.0499999999999994,2.9400000000000004,79.09073514131872,2.3343567179092584,3.1180500159722415,72.74802022863713,2.3433158896429642,2.8564573635716575,66.42224636973964,2.8356633034803194,2.652057400284215,60.12446358114687,2.228800236402539,3.172224971985835,53.811849447660734,2.7703131559315626,2.783518085878821,47.46814804729984,2.957386537919724,2.6391543307627203,41.16581862498135,3.7160316577369006,2.579136212761886,34.83,3.32,2.52
86.34,-11.729999999999999,-3.9399999999999995,81.53201852840844,-15.938685706988048,-5.807619019550123,76.47220362935211,-20.21846165982526,-6.44367231992228,70.43556393161488,-23.017878936339464,-6.646040136021712,64.36758668404372,-25.651472781967858,-7.385057983404445,58.18144268448095,-28.09524465978397,-7.841517346377172,51.763098372499265,-26.493819718462905,-8.507795669322261,45.193658627880005,-25.618865389248544,-7.8791631316753215,38.69,-24.2,-7.78
87.55000000000003,-15.350000000000009,1.5300000000000007,81.5538074259,-17.567822019800687,-4.018798434438774,75.6452510710456,-18.731594757003553,-9.968542564035848,68.90369510534785,-19.95574687051321,-14.939727044126496,62.172832426567204,-20.360754710141958,-20.057871567780666,55.77327681725134,-16.383106595379036,-23.915940050984297,49.31814277071218,-11.122101853337204,-25.437961118380723,43.28560622074664,-5.681943494608059,-27.820042261189762,36.69,-0.55,-29.17
84.89000000000001,-0.07000000000000049,56.63000000000002,80.61290877035339,10.464904139528798,56.32227850083336,75.51624936326485,20.44211230037739,58.30061618433973,69.79794706692769,29.766865076324084,61.368433780429626,65.05804897173064,39.8085375920287,64.48427117103876,57.74023363378608,46.523598643996955,59.30955604406555,51.02290768377465,49.25911289202205,50.621289144919274,44.38946497294734,44.644705481254846,42.57028684296748,38.62,40.46,33.71
84.89000000000001,-0.06999999999999997,56.629999999999995,80.87692458269012,-8.45267541855959,53.87572665997965,77.0770487260928,-16.76728634563216,50.651773590303186,73.05864927900467,-24.712969255553926,46.82214995208445,68.64616566838876,-32.09262048242539,42.33603223682933,63.37087325858082,-37.18451017704773,36.003484240374526,56.77146125760078,-40.5446536824939,29.762771930587668,49.45760481917613,-37.84033639528244,23.988834165087333,39.81,-38.05,23.17
84.88999999999999,-0.07000000000000027,56.62999999999999,80.17748428991906,9.913446452601972,57.395822406055835,76.04705207288583,20.12650174465208,56.34891048066703,72.56215856818909,30.34870712209098,53.93433759478029,67.29918427272584,39.05021434949851,49.57081738293864,61.32257596011675,45.78701795397892,43.139992226383136,55.04671039187775,51.889383335543776,36.369164452974275,47.64492924565756,56.21967250459807,29.375082564818282,40.08,59.79,22.13
